{
  "credit": "Made with Blockbench",
  "parent": "builtin/entity",
  "display": {
    "thirdperson_righthand": {
      "rotation": [
        -89,
        3.98,
        89.56
      ],
      "translation": [
        0,
        -1.75,
        -4
      ],
      "scale": [
        0.17,
        0.45,
        0.14
      ]
    },
    "thirdperson_lefthand": {
      "rotation": [
        -180,
        -21,
        -90
      ],
      "translation": [
        0,
        -8,
        1.25
      ],
      "scale": [
        0.14,
        0.54,
        0.18
      ]
    },
    "firstperson_righthand": {
      "rotation": [
        10.420000000000073,
        -8.11999999999989,
        165
      ],
      "translation": [
        -9.5,
        2.5,
        0
      ],
      "scale": [
        0.358671875,
        0.34,
        0.34
      ]
    },
    "firstperson_lefthand": {
      "rotation": [
        32.25,
        -2,
        85
      ],
      "translation": [
        -0.25,
        7,
        0
      ],
      "scale": [
        0.34,
        0.67,
        0.34
      ]
    },
    "ground": {
      "rotation": [
        -30.92,
        -9.65,
        47.89
      ],
      "translation": [
        0,
        7.25,
        0
      ],
      "scale": [
        0.19140625,
        0.28515625,
        0.169921875
      ]
    },
    "gui": {
      "rotation": [
        -95,
        -47,
        0
      ],
      "translation": [
        0.75,
        1.25,
        0
      ],
      "scale": [
        0.18359375,
        0.568359375,
        0.200546875
      ]
    },
    "head": {
      "translation": [
        1,
        0,
        0
      ],
      "scale": [
        0.21,
        0.09,
        1
      ]
    },
    "fixed": {
      "rotation": [
        -101.5,
        65.53,
        -168.67
      ],
      "translation": [
        0.5,
        1.5,
        -0.75
      ],
      "scale": [
        0.17,
        0.32,
        0.2
      ]
    },
    "on_shelf": {
      "rotation": [
        -23.71,
        65.32,
        109.46
      ],
      "translation": [
        0,
        1.75,
        0
      ],
      "scale": [
        0.2109375,
        0.765625,
        0.267578125
      ]
    }
  }
}